INSERT INTO LOCAL(NOMEDOLOCAL,LOGRADOURO,NUMERO,BAIRRO,CEP,CIDADE) VALUES ('Ginasio Milton Olaio','Av Getulio Vargas',837,'St Felicia','13575-480','Sao Carlos');
INSERT INTO LOCAL(NOMEDOLOCAL,LOGRADOURO,NUMERO,BAIRRO,CEP,CIDADE) VALUES ('Ginasio Joao da Silva','Av Sao Carlos',1000,'Centro','13575-000','Sao Carlos');
INSERT INTO LOCAL(NOMEDOLOCAL,LOGRADOURO,NUMERO,BAIRRO,CEP,CIDADE) VALUES ('Estadio AllianzParque','Rua Palmeiras',1000,'Pompeia','13000-000','Sao Paulo');

INSERT INTO UNIVERSIDADE (COD_UNIVERSIDADE,NOME,CIDADE,ESTADO,LOGOTIPO,GRITO_DE_GUERRA) VALUES (100,'Universidade de Sao Paulo','Sao Carlos','SP','caaso.jpg','Xupa Federal');
INSERT INTO UNIVERSIDADE (COD_UNIVERSIDADE,NOME,CIDADE,ESTADO,LOGOTIPO,GRITO_DE_GUERRA) VALUES (101,'Ufscar','Sao Carlos','SP','federupa.jpg','caaso eh melhor!');
INSERT INTO UNIVERSIDADE (COD_UNIVERSIDADE,NOME,CIDADE,ESTADO,LOGOTIPO,GRITO_DE_GUERRA) VALUES (102,'Uff','Rio de Janeiro','RG','outrafederupa.jpg','caaso eh melhor2!');


INSERT INTO MODALIDADE (MODALIDADE,CATEGORIA) VALUES('Volei','A');
INSERT INTO MODALIDADE (MODALIDADE,CATEGORIA) VALUES('Futebol','A');
INSERT INTO MODALIDADE (MODALIDADE,CATEGORIA) VALUES('Handebol','A');

INSERT INTO MODALIDADE (MODALIDADE,CATEGORIA) VALUES('Natacao','B');
INSERT INTO MODALIDADE (MODALIDADE,CATEGORIA) VALUES('Salto 100m','B');
INSERT INTO MODALIDADE (MODALIDADE,CATEGORIA) VALUES('Corrida','B');

INSERT INTO EVENTO (COD_EVENTO,NOMEEVENTO,DESCRICAOEVENTO,LOGOTIPO) VALUES(2011,'Tusca 2010','Evento Esportivo','logotipo.jpg');
INSERT INTO EVENTO (COD_EVENTO,NOMEEVENTO,DESCRICAOEVENTO,LOGOTIPO) VALUES(2012,'Tusca 2011','Evento Esportivo','logotipo.jpg');
INSERT INTO EVENTO (COD_EVENTO,NOMEEVENTO,DESCRICAOEVENTO,LOGOTIPO) VALUES(2013,'Tusca 2012','Evento Esportivo','logotipo.jpg');

INSERT INTO JOGO (ID_JOGO,DATA,HORARIO,EVENTO,MODALIDADE,PLACAR,LOCAL) VALUES (2011100,'23-MAR-2010','20:10',2011,'Volei',1,'Ginasio Milton Olaio');
INSERT INTO JOGO (ID_JOGO,DATA,HORARIO,EVENTO,MODALIDADE,PLACAR,LOCAL) VALUES (2011101,'24-MAR-2011','19:10',2011,'Futebol',1,'Ginasio Milton Olaio');
INSERT INTO JOGO (ID_JOGO,DATA,HORARIO,EVENTO,MODALIDADE,PLACAR,LOCAL) VALUES (2010102,'25-MAR-2012','16:10',2012,'Volei',1,'Ginasio Milton Olaio');

INSERT INTO CATEGORIAB(MODALIDADE) VALUES('Natacao');
INSERT INTO CATEGORIAB(MODALIDADE) VALUES('Salto 100m');
INSERT INTO CATEGORIAB(MODALIDADE) VALUES('Corrida');

INSERT INTO DISPUTAMODALIDADE(UNIVERSIDADE,MODALIDADE,OURO,PRATA,BRONZE) VALUES (101,'Futebol',1,2,3); 
INSERT INTO DISPUTAMODALIDADE(UNIVERSIDADE,MODALIDADE,OURO,PRATA,BRONZE) VALUES (101,'Volei',1,2,3); 
INSERT INTO DISPUTAMODALIDADE(UNIVERSIDADE,MODALIDADE,OURO,PRATA,BRONZE) VALUES (102,'Volei',1,2,3);

INSERT INTO UNIPARTEVENTO (EVENTO,UNIVERSIDADE, CLASSIFICACAO) VALUES (2011,100,1); 
INSERT INTO UNIPARTEVENTO (EVENTO,UNIVERSIDADE, CLASSIFICACAO) VALUES (2012,100,1); 
INSERT INTO UNIPARTEVENTO (EVENTO,UNIVERSIDADE, CLASSIFICACAO) VALUES (2013,100,1);

INSERT INTO GRUPO (IDGRUPO) VALUES(10);
INSERT INTO GRUPO (IDGRUPO) VALUES(11);
INSERT INTO GRUPO (IDGRUPO) VALUES(12);

INSERT INTO PERTENCEGRUPO (UNIVERSIDADE,ID_JOGO,DATA,HORARIO,EVENTO,MODALIDADE,GRUPO) VALUES(100,2011100,'23-MAR-2010','20:10',2011,'Volei',10);
INSERT INTO PERTENCEGRUPO (UNIVERSIDADE,ID_JOGO,DATA,HORARIO,EVENTO,MODALIDADE,GRUPO) VALUES(101,2011101,'24-MAR-2011','19:10',2011,'Futebol',11);
INSERT INTO PERTENCEGRUPO (UNIVERSIDADE,ID_JOGO,DATA,HORARIO,EVENTO,MODALIDADE,GRUPO) VALUES(102,2010102,'25-MAR-2012','16:10',2012,'Volei',12);


INSERT INTO DISPUTA (UNIVERSIDADEUM,UNIVERSIDADEDOIS,ID_JOGO,DATA,HORARIO,EVENTO,MODALIDADE) VALUES (100,101,2011100,'23-MAR-2010','20:10',2011,'Volei');
INSERT INTO DISPUTA (UNIVERSIDADEUM,UNIVERSIDADEDOIS,ID_JOGO,DATA,HORARIO,EVENTO,MODALIDADE) VALUES (101,102,2011101,'24-MAR-2011','19:10',2011,'Futebol');
INSERT INTO DISPUTA (UNIVERSIDADEUM,UNIVERSIDADEDOIS,ID_JOGO,DATA,HORARIO,EVENTO,MODALIDADE) VALUES (100,102,2010102,'25-MAR-2012','16:10',2012,'Volei');


INSERT INTO JOGA (EVENTO,MODALIDADE) VALUES (2011,'Futebol');
INSERT INTO JOGA (EVENTO,MODALIDADE) VALUES (2011,'Volei');
INSERT INTO JOGA (EVENTO,MODALIDADE) VALUES (2012,'Volei');


INSERT INTO CATEGORIAA(MODALIDADE) VALUES('Handebol');
INSERT INTO CATEGORIAA(MODALIDADE) VALUES('Volei');
INSERT INTO CATEGORIAA(MODALIDADE) VALUES('Futebol');


INSERT INTO PESSOA (CPF,NOME_PESSOA,RG,SEXO,DATA_NASCIMENTO) VALUES('380.009.858-01','Juliana de Moraes', '24.042.636-3', 'F', '27-MAR-90');
INSERT INTO PESSOA (CPF,NOME_PESSOA,RG,SEXO,DATA_NASCIMENTO)VALUES('270.052.238-22','Luiz Augusto Souza', '33.247.532-4', 'M', '05-JAN-88');
INSERT INTO PESSOA (CPF,NOME_PESSOA,RG,SEXO,DATA_NASCIMENTO)VALUES('656.486.871-33','Luisa Freitas', '47.665.214-8', 'F', '11-JAN-98');
INSERT INTO PESSOA (CPF,NOME_PESSOA,RG,SEXO,DATA_NASCIMENTO)VALUES('321.657.334-32','Juliana de Moraes', '24.042.636-1', 'F', '27-MAR-90');
INSERT INTO PESSOA (CPF,NOME_PESSOA,RG,SEXO,DATA_NASCIMENTO)VALUES('147.648.331-87','Luiz Augusto Souza', '33.247.532-2', 'M', '05-JAN-88');
INSERT INTO PESSOA (CPF,NOME_PESSOA,RG,SEXO,DATA_NASCIMENTO)VALUES('223.488.987-98','Paulo Araujo', '43.452.698-1', 'M', '11-JAN-96');


INSERT INTO TIPOPESSOA VALUES('321.657.334-32','Atleta');
INSERT INTO TIPOPESSOA VALUES('147.648.331-87','Atleta');
INSERT INTO TIPOPESSOA VALUES('270.052.238-22','Cliente');
INSERT INTO TIPOPESSOA VALUES('223.488.987-98','Atleta');
INSERT INTO TIPOPESSOA VALUES('380.009.858-01','Cliente');
INSERT INTO TIPOPESSOA VALUES('656.486.871-33','Cliente');

INSERT INTO ATLETA VALUES('147.648.331-87',1.70,80.2,101);
INSERT INTO ATLETA VALUES('321.657.334-32',1.68,78.5,102);
INSERT INTO ATLETA VALUES('223.488.987-98',1.74,92.3,100);

INSERT INTO COMPETE VALUES('223.488.987-98','Natacao','2:45');
INSERT INTO COMPETE VALUES('147.648.331-87','Corrida','2:34');
INSERT INTO COMPETE VALUES('321.657.334-32','Salto 100m','2:50');

INSERT INTO CLIENTE VALUES('270.052.238-22','(11)3301-4722','Sao Paulo','SP','Av. Sao Joao',324,'17657-859','Ipiranga','3547821','luiz.souza@rmail.com');
INSERT INTO CLIENTE VALUES('380.009.858-01','(16)3321-3247','Sao Carlos','SP','Rua Antonio Martins',257,'12647-395','Gonzaga','a15x15a4','.ju_moraes@jmail.com');
INSERT INTO CLIENTE VALUES('656.486.871-33','(19)2578-0024','Campinas','SP','Rua Esperanca',3125,'65436-145','S\o Luis','4saf654a6','luisaf@tmail.com.br');

INSERT INTO COMPRA (CLIENTE,DATA,HORARIO,VALOR_TOTAL,DATA_VENCIMENTO_BOLETO) VALUES('270.052.238-22','25-JAN-2015','20:45:27',65.30,'28-JAN-2015');

INSERT INTO COMPRA (CLIENTE,DATA,HORARIO,VALOR_TOTAL,DATA_VALIDADE_CARTAO,ULTIMOS_DIGITOS,BANDEIRA) VALUES('380.009.858-01','27-NOV-2015','14:35:14',20.00,'01-JAN-2022',4523,'VISA');

INSERT INTO COMPRA (CLIENTE,DATA,HORARIO,VALOR_TOTAL,DATA_VENCIMENTO_BOLETO)  VALUES('656.486.871-33','15-JAN-2015','17:36:13',45.60,'18-JAN-2015');
   

INSERT INTO ATRACAO VALUES (12,'Estadio AllianzParque',2012,'Wesley Safadao','14-MAR-2012','15:00',18,1);
INSERT INTO ATRACAO VALUES (13,'Ginasio Joao da Silva',2011,'Bonde do Tigrao','20-JAN-2013','21:00',18,0);
INSERT INTO ATRACAO VALUES (7,'Ginasio Milton Olaio',2013,'Molejao','25-JAN-2014','19:00',0,0);

INSERT INTO INGRESSO VALUES (357,13,'380.009.858-01','27-NOV-2015','14:35:14');
INSERT INTO INGRESSO VALUES (248,7,'270.052.238-22','25-JAN-2015','20:45:27');
INSERT INTO INGRESSO VALUES (133,12,'656.486.871-33','15-JAN-2015','17:36:13');

INSERT INTO TIPO_INGRESSO VALUES (248,15.00,'Meia');
INSERT INTO TIPO_INGRESSO VALUES (133,40.00,'Masculino');
INSERT INTO TIPO_INGRESSO VALUES (357,30.00,'Feminino');

COMMIT;
